Designator,Footprint,Quantity,Value,LCSC Part #
"AH1, AL1, BH1, BL1, CH1, CH2, CL1, CL2",PowerPAK_SO-8_123,8,MOSFETSO-8,C501507
"C1, C44, C8",1206,3,2.2uF 100V,C650969
"C10, C28, C36, C55",0603,4,10uF 35v,C194427
"C105, C106",0805,2,4.7uF 50V X5R,C98192
"C107, C108",0402,2,330pF 50V,C106206
C11,CP_Elec_5x5.4,1,100uF ±20% 10V,C191859
"C12, C47, C5",0805,3,10u 25v, C15850 
"C13, C14",0402,2,15p,C106997
"C15, C2, C27, C48, C58",0603,5,4.7uF 35V,C329940
"C16, C29, C40",0603,3,100n,C14663
"C17, C18, C21, C22, C77",0402,5,4.7u,C368809
C19,0603,1,1u,C15849
"C20, C24, C30, C32, C35, C37, C38, C4, C41, C43, C45, C46, C49, C50, C52, C59, C60, C61, C62, C63, C64, C65, C66, C71, C72, C73, C76, C79",0402,28,100n,C131394
C3,0402,1,33n,C106862
"C39, C42, C80",CP_Radial_D10.0mm_P5.00mm,3,100uF 100V,C2887236
C56,0402,1,100n,C14663
C57,0603,1,100n,
"C67, C68, C74",0402,3,47p,C20069324
C78,0603,1,1u 100v,C23829972
C81,0603,1,1uf 100v,C23829972
D1,LED_WS2812_3528_3.5x2.8mm_P1.5mm,1,WS2812B,C2890364
"D10, D14, D18, D3",D_SOD-123F,4,DSS110,C2923942
"D11, D12, D15, D16, D19, D20, D6, D7",D_SOD-523,8,CDBU0130R-HF,C2886025
"D13, D17, D21, D9",D_SMA,4,SMAJ51A,C366557
D22,SOT-23,1,ESDCAN24-2BLY,C5158050
"D23, D24, D25, D26, D27, D28, D29",SOT-883,7,5V TVS,C552559
D4,D_SMA,1,SS210,C14996
D5,D_SMC,1,SMDJ85A,C2990214
"FL1, FL2, FL3, FL4",FILTER-SMD_4P-L2.0-W1.2-BL_DLW21H,4,DLW21SN900SQ2L,C97856
"J1, J2, J9",AMASS_XT30PW-M_1x02_P2.50mm_Horizontal,3,XT30,C431092
J10,AMASS_XT30PW-F_1x02_P2.50mm_Horizontal,1,Power Output,C2913282
J11,PINREX-744-81-04TW00 _1x04_P2.54mm_Vertical,1,CAN2 PLUG,C2982033
J12,CONN12_5018761240_MOL,1,Conn_01x06,C493440
J3,USB_C_Receptacle_XKB_U262-16XN-4BVC11,1,USB_C_Receptacle_USB2.0,C2835315
"J4, J6",JST_SH_SM03B-SRSS-TB_1x03-1MP_P1.00mm_Horizontal,2,SM03B-SRSS-TB,C2763613
J5,BOOMELE-2510-3A_1x03_P2.54mm_Vertical,1,Estop Conn,C509148
J7,PinHeader_1x03_P2.54mm_Horizontal,1,Conn_01x03,C492411
J8,PinSocket_1x03_P2.54mm_Horizontal,1,Conn_01x03,C2897385
JP1,SolderJumper-2_P1.3mm_Bridged_RoundedPad1.0x1.5mm,1,Jumper_2_Open,
L2,L_pol_2016,1,3.3u,C42411119
L3,L_APV_ANR5045,1,47uH 1A,C520357
"Q1, Q2, Q3, Q4",SOT-23,4,Q_PNP_BEC,C686646
Q5,SOT-89-3,1,Q_NMOS_GDS,C7422896
"R1, R2, R21, R22, R35, R36, R49, R65, R66",0603,9,10k,C25804
"R10, R11, R27, R29, R42, R44, R74, R76",0603,8,0R,C21189
"R12, R28, R43, R53, R54, R75",0603,6,100R,C22775
"R13, R14, R15, R30, R31, R33, R45, R46, R47, R77, R78, R79",0603,12,10.2R,C2933129
"R20, R23, R39, R40, R55, R56",2512,6,8mΩ,C2904240
"R24, R26, R34, R8",0402,4,1k,C11702
"R25, R41, R73, R9",0603,4,4.7R,C2907035
R32,0402,1,33R,C25105
"R5, R57, R58, R86, R87, R88, R89, R90, R91, R92, R93, R94, R95, R96",0402,14,10k,C60490
"R50, R51",0402,2,27,C25100
"R59, R60, R62, R63, R67, R68, R70, R71",0603,8,50k 0.1%,C861451
R6,0402,1,3.3k,C2909345
"R61, R64, R69, R72",0603,4,5.1k 0.1%,C122969
R82,0402,1,100R,C106232
"R83, R84, R85",0402,3,100R 0402,C106232
"SW1, SW2",KEY-SMD_4P-L4.2-W3.2-P2.20-LS4.6,2,Button,C19724063
TH1,0603,1,Thermistor 10k,C13564
TP8,TestPoint_Keystone_5019_Minature,1,TestPoint,C238130
"U1, U12, U6, U7",SOIC-8_3.9x4.9mm_P1.27mm,4,EG3113,C480666
"U10, U5, U9",SOIC-8_3.9x4.9mm_P1.27mm,3,INA240A1D,C1346458
U101,WQFN-14-1EP_2.5x2.5mm_P0.5mm_EP1.45x1.45mm,1,FUSB302BMPX,C442699
U11,SOT-666,1,USBLC6-2P6,C2827693
"U13, U14, U15, U17, U22, U23, U24, U25, U26, U27",SOT-363_SC-70-6,10,TS5A3159DCK,C46388
U16,SOIC-8_7.5x5.85mm_P1.27mm,1,CA-IS3052CG,C41784142
"U18, U19, U20, U21",DFN-8_L3.0-W3.0-P0.65-BL-EP,4,SIT3088ETK,C601076
U28,SOIC-8-1EP_3.9x4.9mm_P1.27mm_EP2.29x3mm,1,XL7005A,C50848
U29,SOT-23-6,1,LM74700,C2941042
U3,IC_W25Q16JVUXIQ_TR,1,W25Q16JV,C2843335
U4,SOT-23-5,1,SPX3819M5-L-3-3,C20617301
U8,RP2350-QFN-80-1EP_10x10_P0.4mm_EP3.4x3.4mm_ThermalVias,1,RP2350_80QFN,C42415655
Y1,Crystal_SMD_3225-4Pin_3.2x2.5mm,1,ABM8-272-T3,C20625731
