Designator,Mid X,Mid Y,Rotation,Layer
AH1,145.40995,-111.446268,0.0,top
AL1,139.08495,-110.636767,270.0,top
BH1,145.68495,-99.596268,0.0,top
BL1,139.284948,-98.796268,270.0,top
C1,145.63495,-107.516268,180.0,top
C10,141.24995,-109.166591,180.0,bottom
C105,179.795003,-113.434998,90.0,bottom
C106,179.814999,-118.965,270.0,bottom
C107,182.215002,-123.994998,90.0,bottom
C108,183.995,-126.755,0.0,bottom
C11,151.199403,-104.434336,270.0,bottom
C12,177.225,-87.187947,90.0,bottom
C13,183.806546,-92.235055,315.0,top
C14,181.706438,-90.134946,135.0,top
C15,145.050049,-106.20431,180.0,bottom
C16,129.960051,-107.818732,180.0,bottom
C17,168.982052,-100.702658,135.0,top
C18,168.3103,-101.374409,135.0,top
C19,146.644999,-84.294996,0.0,bottom
C2,143.928411,-115.85495,90.0,bottom
C20,180.631654,-103.979111,315.0,top
C21,167.108219,-99.465221,45.0,top
C22,180.345258,-91.771899,45.0,top
C24,169.455813,-93.327535,135.0,top
C27,145.195051,-94.438412,180.0,bottom
C28,142.915529,-97.356268,180.0,bottom
C29,132.605,-95.465,180.0,bottom
C3,152.009769,-109.100323,0.0,bottom
C30,169.880077,-105.489772,225.0,top
C32,182.254445,-93.681089,45.0,top
C35,173.939876,-108.359619,315.0,top
C36,141.349627,-85.971268,180.0,bottom
C37,179.392466,-106.239411,315.0,top
C38,170.159385,-92.616892,135.0,top
C39,154.29481456572267,-113.3670476127563,345.0,top
C4,169.700449,-110.1965,315.0,top
C40,125.66341,-84.78995,0.0,bottom
C41,182.47871,-102.532054,315.0,top
C42,163.49776695296637,-107.97223304703364,45.0,top
C43,175.054901,-89.855554,90.0,top
C44,145.78495,-83.916268,180.0,top
C45,166.872361,-96.738093,135.0,top
C46,183.62724,-96.856623,315.0,top
C47,162.740492,-101.467089,180.0,top
C48,144.644824,-126.419999,270.0,bottom
C49,168.630901,-83.763389,0.0,bottom
C5,172.837498,-84.35,180.0,bottom
C50,165.780901,-83.683389,0.0,bottom
C52,163.456421,-98.329949,270.0,top
C55,141.52,-119.635176,180.0,bottom
C56,182.785,-87.685,0.0,bottom
C57,186.635,-102.765,0.0,bottom
C58,187.15,-105.365001,270.0,bottom
C59,158.195,-125.375,270.0,bottom
C60,115.805001,-110.58,270.0,bottom
C61,119.605001,-126.965,180.0,bottom
C62,118.415,-104.095001,90.0,bottom
C63,114.514999,-101.694999,90.0,bottom
C64,119.974948,-114.025,90.0,bottom
C65,119.95495,-119.725,90.0,bottom
C66,124.835,-113.465,180.0,bottom
C67,115.516923,-114.711114,90.0,bottom
C68,115.515,-120.595051,270.0,bottom
C71,122.090793,-113.460793,180.0,bottom
C72,120.039,-117.334002,90.0,bottom
C73,119.975,-123.575,270.0,bottom
C74,115.514999,-116.59505,270.0,bottom
C76,181.915,-125.795,0.0,bottom
C77,181.915,-126.765,0.0,bottom
C78,167.705001,-98.644999,180.0,bottom
C79,164.46,-95.885,270.0,bottom
C8,145.734951,-95.691267,180.0,top
C80,154.67157961275632,-102.01565156572268,285.0,top
C81,165.040417,-109.00959,135.0,bottom
CH1,145.434951,-87.891269,0.0,top
CH2,145.05,-123.2,0.0,top
CL1,139.13495,-87.116268,270.0,top
CL2,138.6,-121.900001,270.0,top
D1,178.4,-111.45,0.0,top
D10,145.949628,-104.266268,0.0,bottom
D11,136.599949,-97.53159,90.0,bottom
D12,145.794627,-97.341268,180.0,bottom
D13,131.453732,-106.75995,0.0,top
D14,145.264356,-92.491269,0.0,bottom
D15,146.76841,-88.45995,270.0,bottom
D16,137.33495,-85.40659,90.0,bottom
D17,131.878732,-95.33495,0.0,top
D18,147.644824,-125.665,270.0,bottom
D19,145.99119,-120.715,180.0,bottom
D20,136.89119,-120.465,90.0,bottom
D21,130.35,-122.985,180.0,top
D22,172.045,-119.98,180.0,bottom
D23,119.8,-115.725,0.0,bottom
D24,119.62,-121.67,0.0,bottom
D25,127.229999,-122.139998,180.0,bottom
D26,113.58,-105.35,180.0,bottom
D27,127.13,-116.71,180.0,bottom
D28,167.075,-92.97,270.0,bottom
D29,168.275,-119.79,180.0,bottom
D3,147.904627,-114.726268,270.0,bottom
D4,159.0833,-100.89283,120.0,bottom
D5,156.7475,-89.625,180.0,bottom
D6,145.899628,-110.041268,180.0,bottom
D7,136.05995,-108.951589,90.0,bottom
D9,130.909949,-118.161269,0.0,top
FL1,119.509999,-125.537001,90.0,bottom
FL2,117.325,-111.359999,180.0,bottom
FL3,120.713,-107.909999,180.0,bottom
FL4,116.090001,-105.063,270.0,bottom
J1,119.775,-90.6,90.0,top
J10,156.125,-122.5,180.0,top
J11,175.735,-118.645001,90.0,top
J12,123.019998,-120.044998,270.0,top
J2,119.775,-105.0,90.0,top
J3,185.725,-116.355001,270.0,bottom
J4,184.8,-124.775,90.0,top
J5,167.54,-117.165,180.0,top
J6,184.8,-116.4,90.0,top
J7,167.619999,-90.1,90.0,top
J8,167.619999,-122.42,90.0,top
J9,156.125,-90.525,0.0,top
L2,167.143574,-102.541136,135.0,top
L3,156.797424,-109.377749,30.0,bottom
Q1,134.034951,-114.36159,270.0,bottom
Q2,134.04005,-103.048411,270.0,bottom
Q3,133.740049,-91.188409,270.0,bottom
Q4,131.12381,-123.01,0.0,bottom
Q5,169.400001,-104.075,180.0,bottom
R1,174.791677,-109.321445,75.0,bottom
R10,143.845271,-110.71127,90.0,bottom
R11,136.864629,-111.721268,90.0,bottom
R12,136.505001,-114.87995,270.0,bottom
R13,146.155948,-111.515051,180.0,bottom
R14,134.60159,-111.58005,0.0,bottom
R15,133.853732,-109.885272,180.0,bottom
R2,177.473771,-110.615135,45.0,bottom
R20,132.489951,-114.386269,180.0,top
R21,178.560042,-109.528866,45.0,bottom
R22,180.062595,-108.796311,45.0,bottom
R23,132.489951,-110.521268,180.0,top
R24,187.09,-108.3,0.0,bottom
R25,147.96341,-99.79495,90.0,bottom
R26,181.197322,-92.616891,45.0,top
R27,136.644627,-100.351268,90.0,bottom
R28,136.638732,-103.479948,270.0,bottom
R29,144.385273,-99.631268,90.0,bottom
R30,134.39159,-100.221049,0.0,bottom
R31,145.940949,-99.620946,270.0,bottom
R32,165.800071,-100.773368,45.0,top
R33,134.223732,-98.649628,180.0,bottom
R34,174.405561,-110.227386,45.0,top
R35,181.179144,-107.749762,45.0,bottom
R36,181.831697,-106.257209,45.0,bottom
R39,132.455,-103.055,180.0,top
R40,132.455,-99.215,180.0,top
R41,148.313409,-88.22995,90.0,bottom
R42,143.660272,-87.576268,90.0,bottom
R43,136.251268,-91.17005,270.0,bottom
R44,136.689628,-88.176269,90.0,bottom
R45,134.38159,-88.39505,0.0,bottom
R46,145.22495,-88.225945,270.0,bottom
R47,133.608732,-86.869627,180.0,bottom
R49,164.49,-92.61,0.0,bottom
R5,151.995841,-110.133205,180.0,bottom
R50,169.172971,-104.782663,45.0,top
R51,168.465864,-104.075557,45.0,top
R53,172.709999,-115.935001,270.0,bottom
R54,169.234999,-114.430001,180.0,bottom
R55,132.489951,-91.611268,180.0,top
R56,132.489951,-87.706268,180.0,top
R57,186.405,-96.245,0.0,top
R58,186.405,-98.235,0.0,top
R59,119.97,-95.830001,90.0,bottom
R6,150.193977,-109.644543,270.0,bottom
R60,118.36,-95.830001,90.0,bottom
R61,116.75,-95.830001,90.0,bottom
R62,119.97,-92.38,90.0,bottom
R63,118.36,-92.38,90.0,bottom
R64,116.75,-92.38,90.0,bottom
R65,182.917552,-105.171355,45.0,bottom
R66,183.747395,-103.831512,45.0,bottom
R67,119.965,-88.98,90.0,bottom
R68,118.355,-88.98,90.0,bottom
R69,116.745,-88.98,90.0,bottom
R70,119.96,-85.73,90.0,bottom
R71,118.35,-85.73,90.0,bottom
R72,116.74,-85.73,90.0,bottom
R73,144.87,-119.154823,0.0,bottom
R74,143.935177,-121.47,90.0,bottom
R75,136.025176,-126.369999,270.0,bottom
R76,136.855176,-123.259999,90.0,bottom
R77,134.64,-123.245176,0.0,bottom
R78,146.24,-122.235176,180.0,bottom
R79,134.64,-121.725176,180.0,bottom
R8,166.269999,-113.555001,180.0,top
R82,117.465001,-107.805,90.0,bottom
R83,117.715,-125.895,90.0,bottom
R84,120.704999,-105.915,180.0,bottom
R85,116.605,-103.515,180.0,bottom
R86,122.795,-127.675,0.0,bottom
R87,122.805,-126.635,0.0,bottom
R88,118.955,-111.904999,270.0,bottom
R89,118.945001,-109.905,270.0,bottom
R9,146.884053,-108.31495,0.0,bottom
R90,113.995,-103.235,180.0,bottom
R91,113.455,-101.725,270.0,bottom
R92,118.645,-105.945001,0.0,bottom
R93,119.1,-107.745,90.0,bottom
R94,115.496923,-112.771112,90.0,bottom
R95,115.525,-122.52505,270.0,bottom
R96,115.505,-118.545051,270.0,bottom
SW1,186.25,-104.2,270.0,top
SW2,184.9,-109.325,180.0,top
TH1,139.325,-96.990001,180.0,bottom
TP8,161.665001,-115.835001,270.0,top
U1,140.325849,-113.69659,0.0,bottom
U10,129.312499,-89.325322,0.0,bottom
U101,184.695001,-124.414999,270.0,bottom
U11,171.905,-112.65,270.0,bottom
U12,140.37,-124.155177,0.0,bottom
U13,168.711611,-85.940901,270.0,bottom
U14,165.736611,-85.890901,270.0,bottom
U15,161.246421,-98.819951,180.0,top
U16,184.755,-95.315,180.0,bottom
U17,156.095,-125.65,180.0,bottom
U18,115.085498,-107.804999,0.0,bottom
U19,115.485498,-126.187999,0.0,bottom
U20,120.611999,-103.335498,90.0,bottom
U21,117.062,-100.985498,90.0,bottom
U22,117.835052,-114.295,0.0,bottom
U23,117.855,-120.06005,0.0,bottom
U24,125.2,-111.224999,90.0,bottom
U25,122.325,-111.224999,90.0,bottom
U26,117.839949,-117.205001,0.0,bottom
U27,117.825,-123.144999,0.0,bottom
U28,162.546569,-103.810897,30.0,bottom
U29,166.745,-95.825,90.0,bottom
U3,170.982141,-108.854074,135.0,top
U4,173.625,-87.25,0.0,bottom
U5,129.55995,-112.40659,0.0,bottom
U6,140.73495,-101.93069,0.0,bottom
U7,140.164949,-90.41749,0.0,bottom
U8,175.466222,-98.630834,135.0,top
U9,129.045,-100.015,0.0,bottom
Y1,184.375767,-89.579869,135.0,top
